0.0326918391,0.0336346301,0.0299901466,0.0631020498,0.0469035559,0.0422116405,0.0313666988,0.0174504461,0.0220673939,0.0318932882
0.0326918391,0.0336346301,0.0299901466,0.0631020498,0.0469035559,0.0398223024,0.0332487007,0.0174504461,0.0220673939,0.0318932882
0.0326918391,0.0336346301,0.0299901466,0.0631020498,0.0469035559,0.0398223024,0.0313666988,0.0195444996,0.0220673939,0.0318932882
0.0326918391,0.0336346301,0.0299901466,0.0631020498,0.0469035559,0.0398223024,0.0313666988,0.0174504461,0.0243182681,0.0318932882
0.0326918391,0.0336346301,0.0299901466,0.0631020498,0.0469035559,0.0398223024,0.0313666988,0.0174504461,0.0220673939,0.0338068855
0.0326788027,0.0339071763,0.0301879654,0.0633021101,0.0470732408,0.0399046912,0.0315499419,0.0174578612,0.0221292453,0.0318155167
0.0327901136,0.0337336876,0.0300791141,0.0632521097,0.0472715942,0.0400732359,0.031545126,0.0174428894,0.0220650689,0.0317996483
0.0172449451,0.0495269928,0.0183773195,0.0332863313,0.0438509955,0.0586383403,0.046187464,0.00920511032,0.0324942375,0.0168237095
0.0197949086,0.0495269928,0.0183773195,0.0332863313,0.0438509955,0.0586383403,0.046187464,0.00920511032,0.0324942375,0.0168237095
0.0172449451,0.0515450706,0.0183773195,0.0332863313,0.0438509955,0.0586383403,0.046187464,0.00920511032,0.0324942375,0.0168237095
0.0172449451,0.0495269928,0.0207165509,0.0332863313,0.0438509955,0.0586383403,0.046187464,0.00920511032,0.0324942375,0.0168237095
0.0172449451,0.0495269928,0.0183773195,0.0355580051,0.0438509955,0.0586383403,0.046187464,0.00920511032,0.0324942375,0.0168237095
0.0172449451,0.0495269928,0.0183773195,0.0332863313,0.0458209448,0.0586383403,0.046187464,0.00920511032,0.0324942375,0.0168237095
0.0172449451,0.0495269928,0.0183773195,0.0332863313,0.0438509955,0.0610276784,0.046187464,0.00920511032,0.0324942375,0.0168237095
0.0172449451,0.0495269928,0.0183773195,0.0332863313,0.0438509955,0.0586383403,0.0480694659,0.00920511032,0.0324942375,0.0168237095
0.0172449451,0.0495269928,0.0183773195,0.0332863313,0.0438509955,0.0586383403,0.046187464,0.0112991638,0.0324942375,0.0168237095
0.0172449451,0.0495269928,0.0183773195,0.0332863313,0.0438509955,0.0586383403,0.046187464,0.00920511032,0.0347451117,0.0168237095
0.0172449451,0.0495269928,0.0183773195,0.0332863313,0.0438509955,0.0586383403,0.046187464,0.00920511032,0.0324942375,0.0187373068
0.0173312386,0.0477228908,0.0170678709,0.0319620449,0.0427277775,0.0580929733,0.0449744982,0.00915602629,0.0320848164,0.0173385131
0.019881202,0.0477228908,0.0170678709,0.0319620449,0.0427277775,0.0580929733,0.0449744982,0.00915602629,0.0320848164,0.0173385131
0.0173312386,0.0497409686,0.0170678709,0.0319620449,0.0427277775,0.0580929733,0.0449744982,0.00915602629,0.0320848164,0.0173385131
0.0173312386,0.0477228908,0.0194071023,0.0319620449,0.0427277775,0.0580929733,0.0449744982,0.00915602629,0.0320848164,0.0173385131
0.0173312386,0.0477228908,0.0170678709,0.0342337187,0.0427277775,0.0580929733,0.0449744982,0.00915602629,0.0320848164,0.0173385131
0.0173312386,0.0477228908,0.0170678709,0.0319620449,0.0446977268,0.0580929733,0.0449744982,0.00915602629,0.0320848164,0.0173385131
0.0173312386,0.0477228908,0.0170678709,0.0319620449,0.0427277775,0.0604823115,0.0449744982,0.00915602629,0.0320848164,0.0173385131
0.0173312386,0.0477228908,0.0170678709,0.0319620449,0.0427277775,0.0580929733,0.0468565001,0.00915602629,0.0320848164,0.0173385131
0.0173312386,0.0477228908,0.0170678709,0.0319620449,0.0427277775,0.0580929733,0.0449744982,0.0112500798,0.0320848164,0.0173385131
0.0173312386,0.0477228908,0.0170678709,0.0319620449,0.0427277775,0.0580929733,0.0449744982,0.00915602629,0.0343356906,0.0173385131
0.0173312386,0.0477228908,0.0170678709,0.0319620449,0.0427277775,0.0580929733,0.0449744982,0.00915602629,0.0320848164,0.0192521104
0.016575622,0.0488523368,0.0177713844,0.032264311,0.0413443785,0.056929295,0.0449722408,0.00925657704,0.0325100724,0.0174614671
0.0191255854,0.0488523368,0.0177713844,0.032264311,0.0413443785,0.056929295,0.0449722408,0.00925657704,0.0325100724,0.0174614671
0.016575622,0.0508704146,0.0177713844,0.032264311,0.0413443785,0.056929295,0.0449722408,0.00925657704,0.0325100724,0.0174614671
0.016575622,0.0488523368,0.0201106158,0.032264311,0.0413443785,0.056929295,0.0449722408,0.00925657704,0.0325100724,0.0174614671
0.016575622,0.0488523368,0.0177713844,0.0345359847,0.0413443785,0.056929295,0.0449722408,0.00925657704,0.0325100724,0.0174614671
0.016575622,0.0488523368,0.0177713844,0.032264311,0.0433143279,0.056929295,0.0449722408,0.00925657704,0.0325100724,0.0174614671
0.016575622,0.0488523368,0.0177713844,0.032264311,0.0413443785,0.0593186331,0.0449722408,0.00925657704,0.0325100724,0.0174614671
0.016575622,0.0488523368,0.0177713844,0.032264311,0.0413443785,0.056929295,0.0468542427,0.00925657704,0.0325100724,0.0174614671
0.016575622,0.0488523368,0.0177713844,0.032264311,0.0413443785,0.056929295,0.0449722408,0.0113506306,0.0325100724,0.0174614671
0.016575622,0.0488523368,0.0177713844,0.032264311,0.0413443785,0.056929295,0.0449722408,0.00925657704,0.0347609466,0.0174614671
0.016575622,0.0488523368,0.0177713844,0.032264311,0.0413443785,0.056929295,0.0449722408,0.00925657704,0.0325100724,0.0193750644
0.0176280166,0.0495666718,0.0168697263,0.0350820987,0.0430924208,0.0570541345,0.0442163187,0.00899662785,0.0317913197,0.0169023824
0.0193247288,0.0491857343,0.0180143764,0.0393253578,0.047708308,0.0568931538,0.0452575478,0.00915946285,0.0320833764,0.0174965456
0.015,0.0336346301,0.015,0.0631020498,0.0364050024,0.0398223024,0.0313666988,0.00349008922,0.0220673939,0.0318932882
0.0175499634,0.0336346301,0.015,0.0631020498,0.0364050024,0.0398223024,0.0313666988,0.00349008922,0.0220673939,0.0318932882
0.015,0.0356527079,0.015,0.0631020498,0.0364050024,0.0398223024,0.0313666988,0.00349008922,0.0220673939,0.0318932882
0.015,0.0336346301,0.0173392314,0.0631020498,0.0364050024,0.0398223024,0.0313666988,0.00349008922,0.0220673939,0.0318932882
0.015,0.0336346301,0.015,0.0653737236,0.0364050024,0.0398223024,0.0313666988,0.00349008922,0.0220673939,0.0318932882
0.015,0.0336346301,0.015,0.0631020498,0.0383749518,0.0398223024,0.0313666988,0.00349008922,0.0220673939,0.0318932882
0.015,0.0336346301,0.015,0.0631020498,0.0364050024,0.0422116405,0.0313666988,0.00349008922,0.0220673939,0.0318932882
0.015,0.0336346301,0.015,0.0631020498,0.0364050024,0.0398223024,0.0332487007,0.00349008922,0.0220673939,0.0318932882
0.015,0.0336346301,0.015,0.0631020498,0.0364050024,0.0398223024,0.0313666988,0.00558414275,0.0220673939,0.0318932882
0.015,0.0336346301,0.015,0.0631020498,0.0364050024,0.0398223024,0.0313666988,0.00349008922,0.0243182681,0.0318932882
0.015,0.0336346301,0.015,0.0631020498,0.0364050024,0.0398223024,0.0313666988,0.00349008922,0.0220673939,0.0338068855
0.0146884137,0.0316988503,0.0152080314,0.0598263153,0.0360221646,0.0409129759,0.032162709,0.00365744113,0.0223755351,0.0323511804
0.0172383772,0.0316988503,0.0152080314,0.0598263153,0.0360221646,0.0409129759,0.032162709,0.00365744113,0.0223755351,0.0323511804
0.0146884137,0.0337169281,0.0152080314,0.0598263153,0.0360221646,0.0409129759,0.032162709,0.00365744113,0.0223755351,0.0323511804
0.0146884137,0.0316988503,0.0175472628,0.0598263153,0.0360221646,0.0409129759,0.032162709,0.00365744113,0.0223755351,0.0323511804
0.0146884137,0.0316988503,0.0152080314,0.0620979891,0.0360221646,0.0409129759,0.032162709,0.00365744113,0.0223755351,0.0323511804
0.0146884137,0.0316988503,0.0152080314,0.0598263153,0.0379921139,0.0409129759,0.032162709,0.00365744113,0.0223755351,0.0323511804
0.0146884137,0.0316988503,0.0152080314,0.0598263153,0.0360221646,0.043302314,0.032162709,0.00365744113,0.0223755351,0.0323511804
0.0146884137,0.0316988503,0.0152080314,0.0598263153,0.0360221646,0.0409129759,0.0340447109,0.00365744113,0.0223755351,0.0323511804
0.0146884137,0.0316988503,0.0152080314,0.0598263153,0.0360221646,0.0409129759,0.032162709,0.00575149466,0.0223755351,0.0323511804
0.0146884137,0.0316988503,0.0152080314,0.0598263153,0.0360221646,0.0409129759,0.032162709,0.00365744113,0.0246264093,0.0323511804
0.0146884137,0.0316988503,0.0152080314,0.0598263153,0.0360221646,0.0409129759,0.032162709,0.00365744113,0.0223755351,0.0342647777
0.013741574,0.0334820147,0.0148887684,0.0598697983,0.033491862,0.0398388463,0.0312360972,0.00353454403,0.0222627175,0.0318772307
0.0162915375,0.0334820147,0.0148887684,0.0598697983,0.033491862,0.0398388463,0.0312360972,0.00353454403,0.0222627175,0.0318772307
0.013741574,0.0355000925,0.0148887684,0.0598697983,0.033491862,0.0398388463,0.0312360972,0.00353454403,0.0222627175,0.0318772307
0.013741574,0.0334820147,0.0172279999,0.0598697983,0.033491862,0.0398388463,0.0312360972,0.00353454403,0.0222627175,0.0318772307
0.013741574,0.0334820147,0.0148887684,0.0621414721,0.033491862,0.0398388463,0.0312360972,0.00353454403,0.0222627175,0.0318772307
0.013741574,0.0334820147,0.0148887684,0.0598697983,0.0354618114,0.0398388463,0.0312360972,0.00353454403,0.0222627175,0.0318772307
0.013741574,0.0334820147,0.0148887684,0.0598697983,0.033491862,0.0422281845,0.0312360972,0.00353454403,0.0222627175,0.0318772307
0.013741574,0.0334820147,0.0148887684,0.0598697983,0.033491862,0.0398388463,0.0331180991,0.00353454403,0.0222627175,0.0318772307
0.013741574,0.0334820147,0.0148887684,0.0598697983,0.033491862,0.0398388463,0.0312360972,0.00562859756,0.0222627175,0.0318772307
0.013741574,0.0334820147,0.0148887684,0.0598697983,0.033491862,0.0398388463,0.0312360972,0.00353454403,0.0245135917,0.0318772307
0.013741574,0.0334820147,0.0148887684,0.0598697983,0.033491862,0.0398388463,0.0312360972,0.00353454403,0.0222627175,0.033790828
0.016793845,0.0324781388,0.0160367519,0.0596492401,0.0382882215,0.0419256531,0.0323954914,0.00381845557,0.0221784778,0.0323517266
0.0180974699,0.0351759912,0.0163514913,0.0611372046,0.0436352339,0.0419368323,0.0326566395,0.00377605139,0.0214805571,0.0309562122
0.030446894,0.0431700477,0.0291703443,0.0452126187,0.0585669326,0.0511119251,0.0253237172,0.011735425,0.0158112877,0.022851541
0.0329968574,0.0431700477,0.0291703443,0.0452126187,0.0585669326,0.0511119251,0.0253237172,0.011735425,0.0158112877,0.022851541
0.030446894,0.0451881255,0.0291703443,0.0452126187,0.0585669326,0.0511119251,0.0253237172,0.011735425,0.0158112877,0.022851541
0.030446894,0.0431700477,0.0315095757,0.0452126187,0.0585669326,0.0511119251,0.0253237172,0.011735425,0.0158112877,0.022851541
0.030446894,0.0431700477,0.0291703443,0.0474842925,0.0585669326,0.0511119251,0.0253237172,0.011735425,0.0158112877,0.022851541
0.030446894,0.0431700477,0.0291703443,0.0452126187,0.0605368819,0.0511119251,0.0253237172,0.011735425,0.0158112877,0.022851541
0.030446894,0.0431700477,0.0291703443,0.0452126187,0.0585669326,0.0535012633,0.0253237172,0.011735425,0.0158112877,0.022851541
0.030446894,0.0431700477,0.0291703443,0.0452126187,0.0585669326,0.0511119251,0.0272057191,0.011735425,0.0158112877,0.022851541
0.030446894,0.0431700477,0.0291703443,0.0452126187,0.0585669326,0.0511119251,0.0253237172,0.0138294785,0.0158112877,0.022851541
0.030446894,0.0431700477,0.0291703443,0.0452126187,0.0585669326,0.0511119251,0.0253237172,0.011735425,0.0180621619,0.022851541
0.030446894,0.0431700477,0.0291703443,0.0452126187,0.0585669326,0.0511119251,0.0253237172,0.011735425,0.0158112877,0.0247651383
0.0284102897,0.0424162344,0.0283687148,0.0453839053,0.0563749535,0.0501323525,0.0250985445,0.0115796742,0.0160019032,0.0228510127
0.0309602532,0.0424162344,0.0283687148,0.0453839053,0.0563749535,0.0501323525,0.0250985445,0.0115796742,0.0160019032,0.0228510127
0.0284102897,0.0444343122,0.0283687148,0.0453839053,0.0563749535,0.0501323525,0.0250985445,0.0115796742,0.0160019032,0.0228510127
0.0284102897,0.0424162344,0.0307079462,0.0453839053,0.0563749535,0.0501323525,0.0250985445,0.0115796742,0.0160019032,0.0228510127
0.0284102897,0.0424162344,0.0283687148,0.0476555791,0.0563749535,0.0501323525,0.0250985445,0.0115796742,0.0160019032,0.0228510127
0.0284102897,0.0424162344,0.0283687148,0.0453839053,0.0583449029,0.0501323525,0.0250985445,0.0115796742,0.0160019032,0.0228510127
0.0284102897,0.0424162344,0.0283687148,0.0453839053,0.0563749535,0.0525216907,0.0250985445,0.0115796742,0.0160019032,0.0228510127
0.0284102897,0.0424162344,0.0283687148,0.0453839053,0.0563749535,0.0501323525,0.0269805464,0.0115796742,0.0160019032,0.0228510127
0.0284102897,0.0424162344,0.0283687148,0.0453839053,0.0563749535,0.0501323525,0.0250985445,0.0136737277,0.0160019032,0.0228510127
0.0284102897,0.0424162344,0.0283687148,0.0453839053,0.0563749535,0.0501323525,0.0250985445,0.0115796742,0.0182527774,0.0228510127
0.0284102897,0.0424162344,0.0283687148,0.0453839053,0.0563749535,0.0501323525,0.0250985445,0.0115796742,0.0160019032,0.02476461
0.0290336439,0.0426204449,0.0286957707,0.0448014146,0.0552759628,0.0504312434,0.0248628288,0.0116570691,0.016065056,0.0231503612
0.0315836073,0.0426204449,0.0286957707,0.0448014146,0.0552759628,0.0504312434,0.0248628288,0.0116570691,0.016065056,0.0231503612
0.0290336439,0.0446385228,0.0286957707,0.0448014146,0.0552759628,0.0504312434,0.0248628288,0.0116570691,0.016065056,0.0231503612
0.0290336439,0.0426204449,0.0310350021,0.0448014146,0.0552759628,0.0504312434,0.0248628288,0.0116570691,0.016065056,0.0231503612
0.0290336439,0.0426204449,0.0286957707,0.0470730884,0.0552759628,0.0504312434,0.0248628288,0.0116570691,0.016065056,0.0231503612
0.0290336439,0.0426204449,0.0286957707,0.0448014146,0.0572459122,0.0504312434,0.0248628288,0.0116570691,0.016065056,0.0231503612
0.0290336439,0.0426204449,0.0286957707,0.0448014146,0.0552759628,0.0528205815,0.0248628288,0.0116570691,0.016065056,0.0231503612
0.0290336439,0.0426204449,0.0286957707,0.0448014146,0.0552759628,0.0504312434,0.0267448308,0.0116570691,0.016065056,0.0231503612
0.0290336439,0.0426204449,0.0286957707,0.0448014146,0.0552759628,0.0504312434,0.0248628288,0.0137511226,0.016065056,0.0231503612
0.0290336439,0.0426204449,0.0286957707,0.0448014146,0.0552759628,0.0504312434,0.0248628288,0.0116570691,0.0183159302,0.0231503612
0.0290336439,0.0426204449,0.0286957707,0.0448014146,0.0552759628,0.0504312434,0.0248628288,0.0116570691,0.016065056,0.0250639585
0.0284124549,0.0424419912,0.0287620411,0.045836749,0.0564878022,0.0502236624,0.0262711546,0.0115783458,0.0161375136,0.0231538989
0.0291150103,0.042647492,0.0288105478,0.0451563699,0.0555226143,0.0504977321,0.0251906628,0.0116480007,0.0160665824,0.0230995336
0.0397150303,0.0488912983,0.0376725508,0.0559462774,0.0718640907,0.0578856988,0.0342161763,0.00678822362,0.0220673939,0.0282765893
0.0422649938,0.0488912983,0.0376725508,0.0559462774,0.0718640907,0.0578856988,0.0342161763,0.00678822362,0.0220673939,0.0282765893
0.0397150303,0.0509093761,0.0376725508,0.0559462774,0.0718640907,0.0578856988,0.0342161763,0.00678822362,0.0220673939,0.0282765893
0.0397150303,0.0488912983,0.0400117823,0.0559462774,0.0718640907,0.0578856988,0.0342161763,0.00678822362,0.0220673939,0.0282765893
0.0397150303,0.0488912983,0.0376725508,0.0582179511,0.0718640907,0.0578856988,0.0342161763,0.00678822362,0.0220673939,0.0282765893
0.0397150303,0.0488912983,0.0376725508,0.0559462774,0.07383404,0.0578856988,0.0342161763,0.00678822362,0.0220673939,0.0282765893
0.0397150303,0.0488912983,0.0376725508,0.0559462774,0.0718640907,0.0602750369,0.0342161763,0.00678822362,0.0220673939,0.0282765893
0.0397150303,0.0488912983,0.0376725508,0.0559462774,0.0718640907,0.0578856988,0.0360981782,0.00678822362,0.0220673939,0.0282765893
0.0397150303,0.0488912983,0.0376725508,0.0559462774,0.0718640907,0.0578856988,0.0342161763,0.00888227715,0.0220673939,0.0282765893
0.0397150303,0.0488912983,0.0376725508,0.0559462774,0.0718640907,0.0578856988,0.0342161763,0.00678822362,0.0243182681,0.0282765893
0.0397150303,0.0488912983,0.0376725508,0.0559462774,0.0718640907,0.0578856988,0.0342161763,0.00678822362,0.0220673939,0.0301901866
0.0397103862,0.0488360529,0.0368289106,0.0549749789,0.071622043,0.0576898494,0.0317010607,0.00679107281,0.021776525,0.0276269326
0.0422603496,0.0488360529,0.0368289106,0.0549749789,0.071622043,0.0576898494,0.0317010607,0.00679107281,0.021776525,0.0276269326
0.0397103862,0.0508541307,0.0368289106,0.0549749789,0.071622043,0.0576898494,0.0317010607,0.00679107281,0.021776525,0.0276269326
0.0397103862,0.0488360529,0.039168142,0.0549749789,0.071622043,0.0576898494,0.0317010607,0.00679107281,0.021776525,0.0276269326
0.0397103862,0.0488360529,0.0368289106,0.0572466527,0.071622043,0.0576898494,0.0317010607,0.00679107281,0.021776525,0.0276269326
0.0397103862,0.0488360529,0.0368289106,0.0549749789,0.0735919923,0.0576898494,0.0317010607,0.00679107281,0.021776525,0.0276269326
0.0397103862,0.0488360529,0.0368289106,0.0549749789,0.071622043,0.0600791876,0.0317010607,0.00679107281,0.021776525,0.0276269326
0.0397103862,0.0488360529,0.0368289106,0.0549749789,0.071622043,0.0576898494,0.0335830626,0.00679107281,0.021776525,0.0276269326
0.0397103862,0.0488360529,0.0368289106,0.0549749789,0.071622043,0.0576898494,0.0317010607,0.00888512634,0.021776525,0.0276269326
0.0397103862,0.0488360529,0.0368289106,0.0549749789,0.071622043,0.0576898494,0.0317010607,0.00679107281,0.0240273992,0.0276269326
0.0397103862,0.0488360529,0.0368289106,0.0549749789,0.071622043,0.0576898494,0.0317010607,0.00679107281,0.021776525,0.0295405299
0.0391914573,0.0487172573,0.036933988,0.0536622267,0.0702769486,0.05745786,0.0321066449,0.00684657606,0.0220575718,0.0286036524
0.0417414207,0.0487172573,0.036933988,0.0536622267,0.0702769486,0.05745786,0.0321066449,0.00684657606,0.0220575718,0.0286036524
0.0391914573,0.0507353351,0.036933988,0.0536622267,0.0702769486,0.05745786,0.0321066449,0.00684657606,0.0220575718,0.0286036524
0.0391914573,0.0487172573,0.0392732195,0.0536622267,0.0702769486,0.05745786,0.0321066449,0.00684657606,0.0220575718,0.0286036524
0.0391914573,0.0487172573,0.036933988,0.0559339005,0.0702769486,0.05745786,0.0321066449,0.00684657606,0.0220575718,0.0286036524
0.0391914573,0.0487172573,0.036933988,0.0536622267,0.0722468979,0.05745786,0.0321066449,0.00684657606,0.0220575718,0.0286036524
0.0391914573,0.0487172573,0.036933988,0.0536622267,0.0702769486,0.0598471981,0.0321066449,0.00684657606,0.0220575718,0.0286036524
0.0391914573,0.0487172573,0.036933988,0.0536622267,0.0702769486,0.05745786,0.0339886468,0.00684657606,0.0220575718,0.0286036524
0.0391914573,0.0487172573,0.036933988,0.0536622267,0.0702769486,0.05745786,0.0321066449,0.00894062959,0.0220575718,0.0286036524
0.0391914573,0.0487172573,0.036933988,0.0536622267,0.0702769486,0.05745786,0.0321066449,0.00684657606,0.0243084459,0.0286036524
0.0391914573,0.0487172573,0.036933988,0.0536622267,0.0702769486,0.05745786,0.0321066449,0.00684657606,0.0220575718,0.0305172497
0.0413435533,0.0491930195,0.0368181351,0.0551557202,0.0719802544,0.0575501826,0.0319699921,0.00676996637,0.021823946,0.0278008475
0.0346216827,0.0460052921,0.0303174822,0.0288154067,0.0572329098,0.0518075695,0.0134094497,0.00660392463,0.0228787999,0.0334348663
0.0304468939,0.0431700477,0.0291703443,0.0495060821,0.0585669326,0.0511119251,0.0296069755,0.0097565445,0.0183137302,0.0250215603
0.0329968574,0.0431700477,0.0291703443,0.0495060821,0.0585669326,0.0511119251,0.0296069755,0.0097565445,0.0183137302,0.0250215603
0.0304468939,0.0451881255,0.0291703443,0.0495060821,0.0585669326,0.0511119251,0.0296069755,0.0097565445,0.0183137302,0.0250215603
0.0304468939,0.0431700477,0.0315095757,0.0495060821,0.0585669326,0.0511119251,0.0296069755,0.0097565445,0.0183137302,0.0250215603
0.0304468939,0.0431700477,0.0291703443,0.0517777559,0.0585669326,0.0511119251,0.0296069755,0.0097565445,0.0183137302,0.0250215603
0.0304468939,0.0431700477,0.0291703443,0.0495060821,0.0605368819,0.0511119251,0.0296069755,0.0097565445,0.0183137302,0.0250215603
0.0304468939,0.0431700477,0.0291703443,0.0495060821,0.0585669326,0.0535012633,0.0296069755,0.0097565445,0.0183137302,0.0250215603
0.0304468939,0.0431700477,0.0291703443,0.0495060821,0.0585669326,0.0511119251,0.0314889774,0.0097565445,0.0183137302,0.0250215603
0.0304468939,0.0431700477,0.0291703443,0.0495060821,0.0585669326,0.0511119251,0.0296069755,0.011850598,0.0183137302,0.0250215603
0.0304468939,0.0431700477,0.0291703443,0.0495060821,0.0585669326,0.0511119251,0.0296069755,0.0097565445,0.0205646044,0.0250215603
0.0304468939,0.0431700477,0.0291703443,0.0495060821,0.0585669326,0.0511119251,0.0296069755,0.0097565445,0.0183137302,0.0269351576
0.0332263543,0.0437775634,0.0291520056,0.0498136828,0.0591765668,0.0508742285,0.0300646656,0.0097206238,0.0183944352,0.0253175433
0.0357763177,0.0437775634,0.0291520056,0.0498136828,0.0591765668,0.0508742285,0.0300646656,0.0097206238,0.0183944352,0.0253175433
0.0332263543,0.0457956412,0.0291520056,0.0498136828,0.0591765668,0.0508742285,0.0300646656,0.0097206238,0.0183944352,0.0253175433
0.0332263543,0.0437775634,0.031491237,0.0498136828,0.0591765668,0.0508742285,0.0300646656,0.0097206238,0.0183944352,0.0253175433
0.0332263543,0.0437775634,0.0291520056,0.0520853565,0.0591765668,0.0508742285,0.0300646656,0.0097206238,0.0183944352,0.0253175433
0.0332263543,0.0437775634,0.0291520056,0.0498136828,0.0611465161,0.0508742285,0.0300646656,0.0097206238,0.0183944352,0.0253175433
0.0332263543,0.0437775634,0.0291520056,0.0498136828,0.0591765668,0.0532635667,0.0300646656,0.0097206238,0.0183944352,0.0253175433
0.0332263543,0.0437775634,0.0291520056,0.0498136828,0.0591765668,0.0508742285,0.0319466675,0.0097206238,0.0183944352,0.0253175433
0.0332263543,0.0437775634,0.0291520056,0.0498136828,0.0591765668,0.0508742285,0.0300646656,0.0118146773,0.0183944352,0.0253175433
0.0332263543,0.0437775634,0.0291520056,0.0498136828,0.0591765668,0.0508742285,0.0300646656,0.0097206238,0.0206453093,0.0253175433
0.0332263543,0.0437775634,0.0291520056,0.0498136828,0.0591765668,0.0508742285,0.0300646656,0.0097206238,0.0183944352,0.0272311406
0.0299577857,0.042879783,0.028462172,0.0468466983,0.057170814,0.050507168,0.0276057931,0.00973057324,0.0184016272,0.0255386507
0.0325077491,0.042879783,0.028462172,0.0468466983,0.057170814,0.050507168,0.0276057931,0.00973057324,0.0184016272,0.0255386507
0.0299577857,0.0448978608,0.028462172,0.0468466983,0.057170814,0.050507168,0.0276057931,0.00973057324,0.0184016272,0.0255386507
0.0299577857,0.042879783,0.0308014034,0.0468466983,0.057170814,0.050507168,0.0276057931,0.00973057324,0.0184016272,0.0255386507
0.0299577857,0.042879783,0.028462172,0.0491183721,0.057170814,0.050507168,0.0276057931,0.00973057324,0.0184016272,0.0255386507
0.0299577857,0.042879783,0.028462172,0.0468466983,0.0591407634,0.050507168,0.0276057931,0.00973057324,0.0184016272,0.0255386507
0.0299577857,0.042879783,0.028462172,0.0468466983,0.057170814,0.0528965062,0.0276057931,0.00973057324,0.0184016272,0.0255386507
0.0299577857,0.042879783,0.028462172,0.0468466983,0.057170814,0.050507168,0.029487795,0.00973057324,0.0184016272,0.0255386507
0.0299577857,0.042879783,0.028462172,0.0468466983,0.057170814,0.050507168,0.0276057931,0.0118246268,0.0184016272,0.0255386507
0.0299577857,0.042879783,0.028462172,0.0468466983,0.057170814,0.050507168,0.0276057931,0.00973057324,0.0206525014,0.0255386507
0.0299577857,0.042879783,0.028462172,0.0468466983,0.057170814,0.050507168,0.0276057931,0.00973057324,0.0184016272,0.027452248
0.0332452549,0.0437687433,0.0291966311,0.0498234934,0.0592110067,0.0508656695,0.0301418971,0.00970273758,0.0183953433,0.025281058
0.0293481298,0.042620793,0.0276502029,0.0442668334,0.0553756742,0.0499060825,0.025571915,0.00976037879,0.0184280545,0.0259891822
0.0248860121,0.0397372974,0.0342716682,0.045641965,0.0557800515,0.0470476609,0.0328082608,0.00797555197,0.0205659284,0.0230685429
0.0274359755,0.0397372974,0.0342716682,0.045641965,0.0557800515,0.0470476609,0.0328082608,0.00797555197,0.0205659284,0.0230685429
0.0248860121,0.0417553752,0.0342716682,0.045641965,0.0557800515,0.0470476609,0.0328082608,0.00797555197,0.0205659284,0.0230685429
0.0248860121,0.0397372974,0.0366108996,0.045641965,0.0557800515,0.0470476609,0.0328082608,0.00797555197,0.0205659284,0.0230685429
0.0248860121,0.0397372974,0.0342716682,0.0479136388,0.0557800515,0.0470476609,0.0328082608,0.00797555197,0.0205659284,0.0230685429
0.0248860121,0.0397372974,0.0342716682,0.045641965,0.0577500009,0.0470476609,0.0328082608,0.00797555197,0.0205659284,0.0230685429
0.0248860121,0.0397372974,0.0342716682,0.045641965,0.0557800515,0.0494369991,0.0328082608,0.00797555197,0.0205659284,0.0230685429
0.0248860121,0.0397372974,0.0342716682,0.045641965,0.0557800515,0.0470476609,0.0346902627,0.00797555197,0.0205659284,0.0230685429
0.0248860121,0.0397372974,0.0342716682,0.045641965,0.0557800515,0.0470476609,0.0328082608,0.0100696055,0.0205659284,0.0230685429
0.0248860121,0.0397372974,0.0342716682,0.045641965,0.0557800515,0.0470476609,0.0328082608,0.00797555197,0.0228168026,0.0230685429
0.0248860121,0.0397372974,0.0342716682,0.045641965,0.0557800515,0.0470476609,0.0328082608,0.00797555197,0.0205659284,0.0249821402
0.0243876422,0.039969863,0.0330949846,0.0453832791,0.0548719409,0.0472733443,0.0307718214,0.00844717528,0.0205419811,0.0240305875
0.0269376057,0.039969863,0.0330949846,0.0453832791,0.0548719409,0.0472733443,0.0307718214,0.00844717528,0.0205419811,0.0240305875
0.0243876422,0.0419879408,0.0330949846,0.0453832791,0.0548719409,0.0472733443,0.0307718214,0.00844717528,0.0205419811,0.0240305875
0.0243876422,0.039969863,0.035434216,0.0453832791,0.0548719409,0.0472733443,0.0307718214,0.00844717528,0.0205419811,0.0240305875
0.0243876422,0.039969863,0.0330949846,0.0476549529,0.0548719409,0.0472733443,0.0307718214,0.00844717528,0.0205419811,0.0240305875
0.0243876422,0.039969863,0.0330949846,0.0453832791,0.0568418902,0.0472733443,0.0307718214,0.00844717528,0.0205419811,0.0240305875
0.0243876422,0.039969863,0.0330949846,0.0453832791,0.0548719409,0.0496626824,0.0307718214,0.00844717528,0.0205419811,0.0240305875
0.0243876422,0.039969863,0.0330949846,0.0453832791,0.0548719409,0.0472733443,0.0326538234,0.00844717528,0.0205419811,0.0240305875
0.0243876422,0.039969863,0.0330949846,0.0453832791,0.0548719409,0.0472733443,0.0307718214,0.0105412288,0.0205419811,0.0240305875
0.0243876422,0.039969863,0.0330949846,0.0453832791,0.0548719409,0.0472733443,0.0307718214,0.00844717528,0.0227928553,0.0240305875
0.0243876422,0.039969863,0.0330949846,0.0453832791,0.0548719409,0.0472733443,0.0307718214,0.00844717528,0.0205419811,0.0259441848
0.0243048138,0.0394903966,0.0334976004,0.0431825235,0.0540687055,0.046474633,0.0308693203,0.00800396625,0.0205911222,0.0234980444
0.0268547772,0.0394903966,0.0334976004,0.0431825235,0.0540687055,0.046474633,0.0308693203,0.00800396625,0.0205911222,0.0234980444
0.0243048138,0.0415084744,0.0334976004,0.0431825235,0.0540687055,0.046474633,0.0308693203,0.00800396625,0.0205911222,0.0234980444
0.0243048138,0.0394903966,0.0358368318,0.0431825235,0.0540687055,0.046474633,0.0308693203,0.00800396625,0.0205911222,0.0234980444
0.0243048138,0.0394903966,0.0334976004,0.0454541973,0.0540687055,0.046474633,0.0308693203,0.00800396625,0.0205911222,0.0234980444
0.0243048138,0.0394903966,0.0334976004,0.0431825235,0.0560386549,0.046474633,0.0308693203,0.00800396625,0.0205911222,0.0234980444
0.0243048138,0.0394903966,0.0334976004,0.0431825235,0.0540687055,0.0488639711,0.0308693203,0.00800396625,0.0205911222,0.0234980444
0.0243048138,0.0394903966,0.0334976004,0.0431825235,0.0540687055,0.046474633,0.0327513223,0.00800396625,0.0205911222,0.0234980444
0.0243048138,0.0394903966,0.0334976004,0.0431825235,0.0540687055,0.046474633,0.0308693203,0.0100980198,0.0205911222,0.0234980444
0.0243048138,0.0394903966,0.0334976004,0.0431825235,0.0540687055,0.046474633,0.0308693203,0.00800396625,0.0228419963,0.0234980444
0.0243048138,0.0394903966,0.0334976004,0.0431825235,0.0540687055,0.046474633,0.0308693203,0.00800396625,0.0205911222,0.0254116417
0.0238094529,0.0393026688,0.0332972574,0.0416071601,0.0528023917,0.0460668455,0.0303118477,0.00799846639,0.0206934758,0.0236235095
0.0193251303,0.036304547,0.0312108738,0.0495060821,0.0538827469,0.0429833968,0.0308874896,0.00904414749,0.0192146095,0.0211155255
0.0218750937,0.036304547,0.0312108738,0.0495060821,0.0538827469,0.0429833968,0.0308874896,0.00904414749,0.0192146095,0.0211155255
0.0193251303,0.0383226248,0.0312108738,0.0495060821,0.0538827469,0.0429833968,0.0308874896,0.00904414749,0.0192146095,0.0211155255
0.0193251303,0.036304547,0.0335501053,0.0495060821,0.0538827469,0.0429833968,0.0308874896,0.00904414749,0.0192146095,0.0211155255
0.0193251303,0.036304547,0.0312108738,0.0517777559,0.0538827469,0.0429833968,0.0308874896,0.00904414749,0.0192146095,0.0211155255
0.0193251303,0.036304547,0.0312108738,0.0495060821,0.0558526962,0.0429833968,0.0308874896,0.00904414749,0.0192146095,0.0211155255
0.0193251303,0.036304547,0.0312108738,0.0495060821,0.0538827469,0.0453727349,0.0308874896,0.00904414749,0.0192146095,0.0211155255
0.0193251303,0.036304547,0.0312108738,0.0495060821,0.0538827469,0.0429833968,0.0327694916,0.00904414749,0.0192146095,0.0211155255
0.0193251303,0.036304547,0.0312108738,0.0495060821,0.0538827469,0.0429833968,0.0308874896,0.011138201,0.0192146095,0.0211155255
0.0193251303,0.036304547,0.0312108738,0.0495060821,0.0538827469,0.0429833968,0.0308874896,0.00904414749,0.0214654837,0.0211155255
0.0193251303,0.036304547,0.0312108738,0.0495060821,0.0538827469,0.0429833968,0.0308874896,0.00904414749,0.0192146095,0.0230291228
0.0183558011,0.0359371986,0.0308188398,0.0464233886,0.051404806,0.0421854324,0.0297966192,0.00903338527,0.0194148966,0.0213610373
0.0209057646,0.0359371986,0.0308188398,0.0464233886,0.051404806,0.0421854324,0.0297966192,0.00903338527,0.0194148966,0.0213610373
0.0183558011,0.0379552764,0.0308188398,0.0464233886,0.051404806,0.0421854324,0.0297966192,0.00903338527,0.0194148966,0.0213610373
0.0183558011,0.0359371986,0.0331580713,0.0464233886,0.051404806,0.0421854324,0.0297966192,0.00903338527,0.0194148966,0.0213610373
0.0183558011,0.0359371986,0.0308188398,0.0486950624,0.051404806,0.0421854324,0.0297966192,0.00903338527,0.0194148966,0.0213610373
0.0183558011,0.0359371986,0.0308188398,0.0464233886,0.0533747554,0.0421854324,0.0297966192,0.00903338527,0.0194148966,0.0213610373
0.0183558011,0.0359371986,0.0308188398,0.0464233886,0.051404806,0.0445747706,0.0297966192,0.00903338527,0.0194148966,0.0213610373
0.0183558011,0.0359371986,0.0308188398,0.0464233886,0.051404806,0.0421854324,0.0316786212,0.00903338527,0.0194148966,0.0213610373
0.0183558011,0.0359371986,0.0308188398,0.0464233886,0.051404806,0.0421854324,0.0297966192,0.0111274388,0.0194148966,0.0213610373
0.0183558011,0.0359371986,0.0308188398,0.0464233886,0.051404806,0.0421854324,0.0297966192,0.00903338527,0.0216657708,0.0213610373
0.0183558011,0.0359371986,0.0308188398,0.0464233886,0.051404806,0.0421854324,0.0297966192,0.00903338527,0.0194148966,0.0232746346
0.019715374,0.0364282546,0.0312164651,0.0487753999,0.0542023787,0.043313947,0.030878466,0.0090401834,0.0191317101,0.021149675
0.015,0.0328717967,0.0293743972,0.0518245524,0.0618610417,0.0397562386,0.0320399523,0.0096853048,0.0184038181,0.0191625081
0.0175499634,0.0328717967,0.0293743972,0.0518245524,0.0618610417,0.0397562386,0.0320399523,0.0096853048,0.0184038181,0.0191625081
0.015,0.0348898745,0.0293743972,0.0518245524,0.0618610417,0.0397562386,0.0320399523,0.0096853048,0.0184038181,0.0191625081
0.015,0.0328717967,0.0317136287,0.0518245524,0.0618610417,0.0397562386,0.0320399523,0.0096853048,0.0184038181,0.0191625081
0.015,0.0328717967,0.0293743972,0.0540962262,0.0618610417,0.0397562386,0.0320399523,0.0096853048,0.0184038181,0.0191625081
0.015,0.0328717967,0.0293743972,0.0518245524,0.0638309911,0.0397562386,0.0320399523,0.0096853048,0.0184038181,0.0191625081
0.015,0.0328717967,0.0293743972,0.0518245524,0.0618610417,0.0421455767,0.0320399523,0.0096853048,0.0184038181,0.0191625081
0.015,0.0328717967,0.0293743972,0.0518245524,0.0618610417,0.0397562386,0.0339219543,0.0096853048,0.0184038181,0.0191625081
0.015,0.0328717967,0.0293743972,0.0518245524,0.0618610417,0.0397562386,0.0320399523,0.0117793583,0.0184038181,0.0191625081
0.015,0.0328717967,0.0293743972,0.0518245524,0.0618610417,0.0397562386,0.0320399523,0.0096853048,0.0206546923,0.0191625081
0.015,0.0328717967,0.0293743972,0.0518245524,0.0618610417,0.0397562386,0.0320399523,0.0096853048,0.0184038181,0.0210761054
0.0137288933,0.0324126933,0.0290026451,0.0496255844,0.0592455046,0.0387011555,0.0310285004,0.00967894903,0.018668578,0.0193601174
0.0162788568,0.0324126933,0.0290026451,0.0496255844,0.0592455046,0.0387011555,0.0310285004,0.00967894903,0.018668578,0.0193601174
0.0137288933,0.0344307711,0.0290026451,0.0496255844,0.0592455046,0.0387011555,0.0310285004,0.00967894903,0.018668578,0.0193601174
0.0137288933,0.0324126933,0.0313418765,0.0496255844,0.0592455046,0.0387011555,0.0310285004,0.00967894903,0.018668578,0.0193601174
0.0137288933,0.0324126933,0.0290026451,0.0518972582,0.0592455046,0.0387011555,0.0310285004,0.00967894903,0.018668578,0.0193601174
0.0137288933,0.0324126933,0.0290026451,0.0496255844,0.061215454,0.0387011555,0.0310285004,0.00967894903,0.018668578,0.0193601174
0.0137288933,0.0324126933,0.0290026451,0.0496255844,0.0592455046,0.0410904936,0.0310285004,0.00967894903,0.018668578,0.0193601174
0.0137288933,0.0324126933,0.0290026451,0.0496255844,0.0592455046,0.0387011555,0.0329105023,0.00967894903,0.018668578,0.0193601174
0.0137288933,0.0324126933,0.0290026451,0.0496255844,0.0592455046,0.0387011555,0.0310285004,0.0117730026,0.018668578,0.0193601174
0.0137288933,0.0324126933,0.0290026451,0.0496255844,0.0592455046,0.0387011555,0.0310285004,0.00967894903,0.0209194522,0.0193601174
0.0137288933,0.0324126933,0.0290026451,0.0496255844,0.0592455046,0.0387011555,0.0310285004,0.00967894903,0.018668578,0.0212737146
0.015405961,0.0331611939,0.0294152964,0.051357549,0.0614038038,0.0404399714,0.0320876349,0.00970751274,0.0182312066,0.0191575178
0.015,0.0294390463,0.0275379206,0.0524257592,0.0666480187,0.0438205028,0.0313484747,0.0103264621,0.0175930268,0.0172094907
0.0175499634,0.0294390463,0.0275379206,0.0524257592,0.0666480187,0.0438205028,0.0313484747,0.0103264621,0.0175930268,0.0172094907
0.015,0.0314571241,0.0275379206,0.0524257592,0.0666480187,0.0438205028,0.0313484747,0.0103264621,0.0175930268,0.0172094907
0.015,0.0294390463,0.029877152,0.0524257592,0.0666480187,0.0438205028,0.0313484747,0.0103264621,0.0175930268,0.0172094907
0.015,0.0294390463,0.0275379206,0.054697433,0.0666480187,0.0438205028,0.0313484747,0.0103264621,0.0175930268,0.0172094907
0.015,0.0294390463,0.0275379206,0.0524257592,0.068617968,0.0438205028,0.0313484747,0.0103264621,0.0175930268,0.0172094907
0.015,0.0294390463,0.0275379206,0.0524257592,0.0666480187,0.0462098409,0.0313484747,0.0103264621,0.0175930268,0.0172094907
0.015,0.0294390463,0.0275379206,0.0524257592,0.0666480187,0.0438205028,0.0332304766,0.0103264621,0.0175930268,0.0172094907
0.015,0.0294390463,0.0275379206,0.0524257592,0.0666480187,0.0438205028,0.0313484747,0.0124205156,0.0175930268,0.0172094907
0.015,0.0294390463,0.0275379206,0.0524257592,0.0666480187,0.0438205028,0.0313484747,0.0103264621,0.0198439009,0.0172094907
0.015,0.0294390463,0.0275379206,0.0524257592,0.0666480187,0.0438205028,0.0313484747,0.0103264621,0.0175930268,0.019123088
0.0134650652,0.0287539817,0.0271602418,0.0508405799,0.0646726371,0.0422290529,0.0303791027,0.0103003192,0.0179933306,0.0173949198
0.0160150286,0.0287539817,0.0271602418,0.0508405799,0.0646726371,0.0422290529,0.0303791027,0.0103003192,0.0179933306,0.0173949198
0.0134650652,0.0307720595,0.0271602418,0.0508405799,0.0646726371,0.0422290529,0.0303791027,0.0103003192,0.0179933306,0.0173949198
0.0134650652,0.0287539817,0.0294994733,0.0508405799,0.0646726371,0.0422290529,0.0303791027,0.0103003192,0.0179933306,0.0173949198
0.0134650652,0.0287539817,0.0271602418,0.0531122537,0.0646726371,0.0422290529,0.0303791027,0.0103003192,0.0179933306,0.0173949198
0.0134650652,0.0287539817,0.0271602418,0.0508405799,0.0666425864,0.0422290529,0.0303791027,0.0103003192,0.0179933306,0.0173949198
0.0134650652,0.0287539817,0.0271602418,0.0508405799,0.0646726371,0.044618391,0.0303791027,0.0103003192,0.0179933306,0.0173949198
0.0134650652,0.0287539817,0.0271602418,0.0508405799,0.0646726371,0.0422290529,0.0322611046,0.0103003192,0.0179933306,0.0173949198
0.0134650652,0.0287539817,0.0271602418,0.0508405799,0.0646726371,0.0422290529,0.0303791027,0.0123943727,0.0179933306,0.0173949198
0.0134650652,0.0287539817,0.0271602418,0.0508405799,0.0646726371,0.0422290529,0.0303791027,0.0103003192,0.0202442047,0.0173949198
0.0134650652,0.0287539817,0.0271602418,0.0508405799,0.0646726371,0.0422290529,0.0303791027,0.0103003192,0.0179933306,0.0193085171
0.0142970652,0.0291864188,0.0274318659,0.0517140783,0.0655911754,0.0430410844,0.0310557669,0.0103220891,0.0177446086,0.0172813945
0.015,0.026006296,0.025701444,0.0505413503,0.0714349956,0.0462590613,0.0317633613,0.0109676194,0.0167822354,0.0152564733
0.0175499634,0.026006296,0.025701444,0.0505413503,0.0714349956,0.0462590613,0.0317633613,0.0109676194,0.0167822354,0.0152564733
0.015,0.0280243738,0.025701444,0.0505413503,0.0714349956,0.0462590613,0.0317633613,0.0109676194,0.0167822354,0.0152564733
0.015,0.026006296,0.0280406754,0.0505413503,0.0714349956,0.0462590613,0.0317633613,0.0109676194,0.0167822354,0.0152564733
0.015,0.026006296,0.025701444,0.0528130241,0.0714349956,0.0462590613,0.0317633613,0.0109676194,0.0167822354,0.0152564733
0.015,0.026006296,0.025701444,0.0505413503,0.0734049449,0.0462590613,0.0317633613,0.0109676194,0.0167822354,0.0152564733
0.015,0.026006296,0.025701444,0.0505413503,0.0714349956,0.0486483994,0.0317633613,0.0109676194,0.0167822354,0.0152564733
0.015,0.026006296,0.025701444,0.0505413503,0.0714349956,0.0462590613,0.0336453632,0.0109676194,0.0167822354,0.0152564733
0.015,0.026006296,0.025701444,0.0505413503,0.0714349956,0.0462590613,0.0317633613,0.013061673,0.0167822354,0.0152564733
0.015,0.026006296,0.025701444,0.0505413503,0.0714349956,0.0462590613,0.0317633613,0.0109676194,0.0190331096,0.0152564733
0.015,0.026006296,0.025701444,0.0505413503,0.0714349956,0.0462590613,0.0317633613,0.0109676194,0.0167822354,0.0171700706
0.013500181,0.0252267559,0.0252117963,0.0489667236,0.0697791768,0.0447952388,0.030543561,0.0109283756,0.0172305983,0.0154611215
0.0160501445,0.0252267559,0.0252117963,0.0489667236,0.0697791768,0.0447952388,0.030543561,0.0109283756,0.0172305983,0.0154611215
0.013500181,0.0272448337,0.0252117963,0.0489667236,0.0697791768,0.0447952388,0.030543561,0.0109283756,0.0172305983,0.0154611215
0.013500181,0.0252267559,0.0275510278,0.0489667236,0.0697791768,0.0447952388,0.030543561,0.0109283756,0.0172305983,0.0154611215
0.013500181,0.0252267559,0.0252117963,0.0512383974,0.0697791768,0.0447952388,0.030543561,0.0109283756,0.0172305983,0.0154611215
0.013500181,0.0252267559,0.0252117963,0.0489667236,0.0717491261,0.0447952388,0.030543561,0.0109283756,0.0172305983,0.0154611215
0.013500181,0.0252267559,0.0252117963,0.0489667236,0.0697791768,0.0471845769,0.030543561,0.0109283756,0.0172305983,0.0154611215
0.013500181,0.0252267559,0.0252117963,0.0489667236,0.0697791768,0.0447952388,0.0324255629,0.0109283756,0.0172305983,0.0154611215
0.013500181,0.0252267559,0.0252117963,0.0489667236,0.0697791768,0.0447952388,0.030543561,0.0130224292,0.0172305983,0.0154611215
0.013500181,0.0252267559,0.0252117963,0.0489667236,0.0697791768,0.0447952388,0.030543561,0.0109283756,0.0194814725,0.0154611215
0.013500181,0.0252267559,0.0252117963,0.0489667236,0.0697791768,0.0447952388,0.030543561,0.0109283756,0.0172305983,0.0173747188
0.0138342375,0.0254300338,0.0253503744,0.0493656179,0.0701104709,0.0451258302,0.0308674318,0.0109395789,0.0171186882,0.0154095268
0.015,0.0225735456,0.0238649674,0.0519324325,0.0712038386,0.0486976198,0.0320122932,0.0116087767,0.015971444,0.0133034559
0.0175499634,0.0225735456,0.0238649674,0.0519324325,0.0712038386,0.0486976198,0.0320122932,0.0116087767,0.015971444,0.0133034559
0.015,0.0245916234,0.0238649674,0.0519324325,0.0712038386,0.0486976198,0.0320122932,0.0116087767,0.015971444,0.0133034559
0.015,0.0225735456,0.0262041988,0.0519324325,0.0712038386,0.0486976198,0.0320122932,0.0116087767,0.015971444,0.0133034559
0.015,0.0225735456,0.0238649674,0.0542041063,0.0712038386,0.0486976198,0.0320122932,0.0116087767,0.015971444,0.0133034559
0.015,0.0225735456,0.0238649674,0.0519324325,0.0731737879,0.0486976198,0.0320122932,0.0116087767,0.015971444,0.0133034559
0.015,0.0225735456,0.0238649674,0.0519324325,0.0712038386,0.0510869579,0.0320122932,0.0116087767,0.015971444,0.0133034559
0.015,0.0225735456,0.0238649674,0.0519324325,0.0712038386,0.0486976198,0.0338942952,0.0116087767,0.015971444,0.0133034559
0.015,0.0225735456,0.0238649674,0.0519324325,0.0712038386,0.0486976198,0.0320122932,0.0137028303,0.015971444,0.0133034559
0.015,0.0225735456,0.0238649674,0.0519324325,0.0712038386,0.0486976198,0.0320122932,0.0116087767,0.0182223182,0.0133034559
0.015,0.0225735456,0.0238649674,0.0519324325,0.0712038386,0.0486976198,0.0320122932,0.0116087767,0.015971444,0.0152170532
0.0135927214,0.0217171977,0.0232811802,0.0502520119,0.069808197,0.0473049384,0.0306479238,0.0115615809,0.0164428873,0.0135208089
0.0161426848,0.0217171977,0.0232811802,0.0502520119,0.069808197,0.0473049384,0.0306479238,0.0115615809,0.0164428873,0.0135208089
0.0135927214,0.0237352755,0.0232811802,0.0502520119,0.069808197,0.0473049384,0.0306479238,0.0115615809,0.0164428873,0.0135208089
0.0135927214,0.0217171977,0.0256204116,0.0502520119,0.069808197,0.0473049384,0.0306479238,0.0115615809,0.0164428873,0.0135208089
0.0135927214,0.0217171977,0.0232811802,0.0525236857,0.069808197,0.0473049384,0.0306479238,0.0115615809,0.0164428873,0.0135208089
0.0135927214,0.0217171977,0.0232811802,0.0502520119,0.0717781463,0.0473049384,0.0306479238,0.0115615809,0.0164428873,0.0135208089
0.0135927214,0.0217171977,0.0232811802,0.0502520119,0.069808197,0.0496942765,0.0306479238,0.0115615809,0.0164428873,0.0135208089
0.0135927214,0.0217171977,0.0232811802,0.0502520119,0.069808197,0.0473049384,0.0325299257,0.0115615809,0.0164428873,0.0135208089
0.0135927214,0.0217171977,0.0232811802,0.0502520119,0.069808197,0.0473049384,0.0306479238,0.0136556344,0.0164428873,0.0135208089
0.0135927214,0.0217171977,0.0232811802,0.0502520119,0.069808197,0.0473049384,0.0306479238,0.0115615809,0.0186937615,0.0135208089
0.0135927214,0.0217171977,0.0232811802,0.0502520119,0.069808197,0.0473049384,0.0306479238,0.0115615809,0.0164428873,0.0154344062
0.0139403854,0.0219512556,0.023444722,0.0506432429,0.0701481245,0.0476274598,0.0310074067,0.0115754647,0.0163133429,0.0134652639
0.015,0.0191407953,0.0220284908,0.0527670818,0.0720814998,0.0511361783,0.0322612252,0.012249934,0.0151606527,0.0113504386
0.0175499634,0.0191407953,0.0220284908,0.0527670818,0.0720814998,0.0511361783,0.0322612252,0.012249934,0.0151606527,0.0113504386
0.015,0.0211588731,0.0220284908,0.0527670818,0.0720814998,0.0511361783,0.0322612252,0.012249934,0.0151606527,0.0113504386
0.015,0.0191407953,0.0243677222,0.0527670818,0.0720814998,0.0511361783,0.0322612252,0.012249934,0.0151606527,0.0113504386
0.015,0.0191407953,0.0220284908,0.0550387556,0.0720814998,0.0511361783,0.0322612252,0.012249934,0.0151606527,0.0113504386
0.015,0.0191407953,0.0220284908,0.0527670818,0.0740514492,0.0511361783,0.0322612252,0.012249934,0.0151606527,0.0113504386
0.015,0.0191407953,0.0220284908,0.0527670818,0.0720814998,0.0535255164,0.0322612252,0.012249934,0.0151606527,0.0113504386
0.015,0.0191407953,0.0220284908,0.0527670818,0.0720814998,0.0511361783,0.0341432271,0.012249934,0.0151606527,0.0113504386
0.015,0.0191407953,0.0220284908,0.0527670818,0.0720814998,0.0511361783,0.0322612252,0.0143439876,0.0151606527,0.0113504386
0.015,0.0191407953,0.0220284908,0.0527670818,0.0720814998,0.0511361783,0.0322612252,0.012249934,0.0174115269,0.0113504386
0.015,0.0191407953,0.0220284908,0.0527670818,0.0720814998,0.0511361783,0.0322612252,0.012249934,0.0151606527,0.0132640358
0.0136242628,0.0182146075,0.0213813412,0.0512189465,0.0707363768,0.0498599328,0.0308387195,0.0121949943,0.0156732713,0.011570235
0.0161742263,0.0182146075,0.0213813412,0.0512189465,0.0707363768,0.0498599328,0.0308387195,0.0121949943,0.0156732713,0.011570235
0.0136242628,0.0202326854,0.0213813412,0.0512189465,0.0707363768,0.0498599328,0.0308387195,0.0121949943,0.0156732713,0.011570235
0.0136242628,0.0182146075,0.0237205726,0.0512189465,0.0707363768,0.0498599328,0.0308387195,0.0121949943,0.0156732713,0.011570235
0.0136242628,0.0182146075,0.0213813412,0.0534906203,0.0707363768,0.0498599328,0.0308387195,0.0121949943,0.0156732713,0.011570235
0.0136242628,0.0182146075,0.0213813412,0.0512189465,0.0727063262,0.0498599328,0.0308387195,0.0121949943,0.0156732713,0.011570235
0.0136242628,0.0182146075,0.0213813412,0.0512189465,0.0707363768,0.052249271,0.0308387195,0.0121949943,0.0156732713,0.011570235
0.0136242628,0.0182146075,0.0213813412,0.0512189465,0.0707363768,0.0498599328,0.0327207215,0.0121949943,0.0156732713,0.011570235
0.0136242628,0.0182146075,0.0213813412,0.0512189465,0.0707363768,0.0498599328,0.0308387195,0.0142890478,0.0156732713,0.011570235
0.0136242628,0.0182146075,0.0213813412,0.0512189465,0.0707363768,0.0498599328,0.0308387195,0.0121949943,0.0179241455,0.011570235
0.0136242628,0.0182146075,0.0213813412,0.0512189465,0.0707363768,0.0498599328,0.0308387195,0.0121949943,0.0156732713,0.0134838323
0.0140481068,0.0185589405,0.021618582,0.0516207563,0.0711185775,0.0501885684,0.0312243667,0.0122246889,0.0154823235,0.0114414069
0.015,0.0157080449,0.0205545599,0.0536017311,0.0738048115,0.0535747368,0.0325101571,0.0128910914,0.0143498613,0.00939742115
0.0175499634,0.0157080449,0.0205545599,0.0536017311,0.0738048115,0.0535747368,0.0325101571,0.0128910914,0.0143498613,0.00939742115
0.015,0.0177261228,0.0205545599,0.0536017311,0.0738048115,0.0535747368,0.0325101571,0.0128910914,0.0143498613,0.00939742115
0.015,0.0157080449,0.0228937914,0.0536017311,0.0738048115,0.0535747368,0.0325101571,0.0128910914,0.0143498613,0.00939742115
0.015,0.0157080449,0.0205545599,0.0558734049,0.0738048115,0.0535747368,0.0325101571,0.0128910914,0.0143498613,0.00939742115
0.015,0.0157080449,0.0205545599,0.0536017311,0.0757747609,0.0535747368,0.0325101571,0.0128910914,0.0143498613,0.00939742115
0.015,0.0157080449,0.0205545599,0.0536017311,0.0738048115,0.055964075,0.0325101571,0.0128910914,0.0143498613,0.00939742115
0.015,0.0157080449,0.0205545599,0.0536017311,0.0738048115,0.0535747368,0.034392159,0.0128910914,0.0143498613,0.00939742115
0.015,0.0157080449,0.0205545599,0.0536017311,0.0738048115,0.0535747368,0.0325101571,0.0149851449,0.0143498613,0.00939742115
0.015,0.0157080449,0.0205545599,0.0536017311,0.0738048115,0.0535747368,0.0325101571,0.0128910914,0.0166007355,0.00939742115
0.015,0.0157080449,0.0205545599,0.0536017311,0.0738048115,0.0535747368,0.0325101571,0.0128910914,0.0143498613,0.0113110184
0.0136124331,0.0145807787,0.0197778883,0.0522862986,0.0725535752,0.05249886,0.0312476378,0.012793878,0.0149749804,0.00981917424
0.0161623965,0.0145807787,0.0197778883,0.0522862986,0.0725535752,0.05249886,0.0312476378,0.012793878,0.0149749804,0.00981917424
0.0136124331,0.0165988565,0.0197778883,0.0522862986,0.0725535752,0.05249886,0.0312476378,0.012793878,0.0149749804,0.00981917424
0.0136124331,0.0145807787,0.0221171198,0.0522862986,0.0725535752,0.05249886,0.0312476378,0.012793878,0.0149749804,0.00981917424
0.0136124331,0.0145807787,0.0197778883,0.0545579724,0.0725535752,0.05249886,0.0312476378,0.012793878,0.0149749804,0.00981917424
0.0136124331,0.0145807787,0.0197778883,0.0522862986,0.0745235245,0.05249886,0.0312476378,0.012793878,0.0149749804,0.00981917424
0.0136124331,0.0145807787,0.0197778883,0.0522862986,0.0725535752,0.0548881981,0.0312476378,0.012793878,0.0149749804,0.00981917424
0.0136124331,0.0145807787,0.0197778883,0.0522862986,0.0725535752,0.05249886,0.0331296397,0.012793878,0.0149749804,0.00981917424
0.0136124331,0.0145807787,0.0197778883,0.0522862986,0.0725535752,0.05249886,0.0312476378,0.0148879316,0.0149749804,0.00981917424
0.0136124331,0.0145807787,0.0197778883,0.0522862986,0.0725535752,0.05249886,0.0312476378,0.012793878,0.0172258545,0.00981917424
0.0136124331,0.0145807787,0.0197778883,0.0522862986,0.0725535752,0.05249886,0.0312476378,0.012793878,0.0149749804,0.0117327715
0.0141585402,0.015118744,0.0200789198,0.052701581,0.0729515261,0.0528678606,0.0316948763,0.0128430566,0.0147229178,0.0096437264
0.015,0.0180965375,0.0187180833,0.0527670818,0.0720814998,0.0560132953,0.0327590891,0.0135322487,0.01353907,0.00744440376
0.0175499634,0.0180965375,0.0187180833,0.0527670818,0.0720814998,0.0560132953,0.0327590891,0.0135322487,0.01353907,0.00744440376
0.015,0.0201146154,0.0187180833,0.0527670818,0.0720814998,0.0560132953,0.0327590891,0.0135322487,0.01353907,0.00744440376
0.015,0.0180965375,0.0210573148,0.0527670818,0.0720814998,0.0560132953,0.0327590891,0.0135322487,0.01353907,0.00744440376
0.015,0.0180965375,0.0187180833,0.0550387556,0.0720814998,0.0560132953,0.0327590891,0.0135322487,0.01353907,0.00744440376
0.015,0.0180965375,0.0187180833,0.0527670818,0.0740514492,0.0560132953,0.0327590891,0.0135322487,0.01353907,0.00744440376
0.015,0.0180965375,0.0187180833,0.0527670818,0.0720814998,0.0584026335,0.0327590891,0.0135322487,0.01353907,0.00744440376
0.015,0.0180965375,0.0187180833,0.0527670818,0.0720814998,0.0560132953,0.034641091,0.0135322487,0.01353907,0.00744440376
0.015,0.0180965375,0.0187180833,0.0527670818,0.0720814998,0.0560132953,0.0327590891,0.0156263022,0.01353907,0.00744440376
0.015,0.0180965375,0.0187180833,0.0527670818,0.0720814998,0.0560132953,0.0327590891,0.0135322487,0.0157899441,0.00744440376
0.015,0.0180965375,0.0187180833,0.0527670818,0.0720814998,0.0560132953,0.0327590891,0.0135322487,0.01353907,0.00935800105
0.0135863216,0.0167039355,0.0179388191,0.0516920623,0.0710513455,0.0550580831,0.0316013465,0.0134049428,0.0141915708,0.00789857624
0.0161362851,0.0167039355,0.0179388191,0.0516920623,0.0710513455,0.0550580831,0.0316013465,0.0134049428,0.0141915708,0.00789857624
0.0135863216,0.0187220133,0.0179388191,0.0516920623,0.0710513455,0.0550580831,0.0316013465,0.0134049428,0.0141915708,0.00789857624
0.0135863216,0.0167039355,0.0202780505,0.0516920623,0.0710513455,0.0550580831,0.0316013465,0.0134049428,0.0141915708,0.00789857624
0.0135863216,0.0167039355,0.0179388191,0.053963736,0.0710513455,0.0550580831,0.0316013465,0.0134049428,0.0141915708,0.00789857624
0.0135863216,0.0167039355,0.0179388191,0.0516920623,0.0730212948,0.0550580831,0.0316013465,0.0134049428,0.0141915708,0.00789857624
0.0135863216,0.0167039355,0.0179388191,0.0516920623,0.0710513455,0.0574474212,0.0316013465,0.0134049428,0.0141915708,0.00789857624
0.0135863216,0.0167039355,0.0179388191,0.0516920623,0.0710513455,0.0550580831,0.0334833484,0.0134049428,0.0141915708,0.00789857624
0.0135863216,0.0167039355,0.0179388191,0.0516920623,0.0710513455,0.0550580831,0.0316013465,0.0154989964,0.0141915708,0.00789857624
0.0135863216,0.0167039355,0.0179388191,0.0516920623,0.0710513455,0.0550580831,0.0316013465,0.0134049428,0.016442445,0.00789857624
0.0135863216,0.0167039355,0.0179388191,0.0516920623,0.0710513455,0.0550580831,0.0316013465,0.0134049428,0.0141915708,0.00981217354
0.0136433873,0.0167424085,0.0179843111,0.0517617467,0.0711134619,0.055096326,0.0316705654,0.0134041963,0.0141658532,0.0078792116
0.015,0.0160368873,0.0205545599,0.0523866064,0.0710475128,0.0584518538,0.033008021,0.0128910914,0.0127282786,0.00637865764
0.0175499634,0.0160368873,0.0205545599,0.0523866064,0.0710475128,0.0584518538,0.033008021,0.0128910914,0.0127282786,0.00637865764
0.015,0.0180549651,0.0205545599,0.0523866064,0.0710475128,0.0584518538,0.033008021,0.0128910914,0.0127282786,0.00637865764
0.015,0.0160368873,0.0228937914,0.0523866064,0.0710475128,0.0584518538,0.033008021,0.0128910914,0.0127282786,0.00637865764
0.015,0.0160368873,0.0205545599,0.0546582802,0.0710475128,0.0584518538,0.033008021,0.0128910914,0.0127282786,0.00637865764
0.015,0.0160368873,0.0205545599,0.0523866064,0.0730174622,0.0584518538,0.033008021,0.0128910914,0.0127282786,0.00637865764
0.015,0.0160368873,0.0205545599,0.0523866064,0.0710475128,0.060841192,0.033008021,0.0128910914,0.0127282786,0.00637865764
0.015,0.0160368873,0.0205545599,0.0523866064,0.0710475128,0.0584518538,0.0348900229,0.0128910914,0.0127282786,0.00637865764
0.015,0.0160368873,0.0205545599,0.0523866064,0.0710475128,0.0584518538,0.033008021,0.0149851449,0.0127282786,0.00637865764
0.015,0.0160368873,0.0205545599,0.0523866064,0.0710475128,0.0584518538,0.033008021,0.0128910914,0.0149791528,0.00637865764
0.015,0.0160368873,0.0205545599,0.0523866064,0.0710475128,0.0584518538,0.033008021,0.0128910914,0.0127282786,0.00829225493
0.0137598363,0.0152007825,0.0195659184,0.0508722077,0.0696975849,0.0576207495,0.0315037399,0.0129073147,0.01328718,0.00679949461
0.0163097998,0.0152007825,0.0195659184,0.0508722077,0.0696975849,0.0576207495,0.0315037399,0.0129073147,0.01328718,0.00679949461
0.0137598363,0.0172188603,0.0195659184,0.0508722077,0.0696975849,0.0576207495,0.0315037399,0.0129073147,0.01328718,0.00679949461
0.0137598363,0.0152007825,0.0219051498,0.0508722077,0.0696975849,0.0576207495,0.0315037399,0.0129073147,0.01328718,0.00679949461
0.0137598363,0.0152007825,0.0195659184,0.0531438815,0.0696975849,0.0576207495,0.0315037399,0.0129073147,0.01328718,0.00679949461
0.0137598363,0.0152007825,0.0195659184,0.0508722077,0.0716675343,0.0576207495,0.0315037399,0.0129073147,0.01328718,0.00679949461
0.0137598363,0.0152007825,0.0195659184,0.0508722077,0.0696975849,0.0600100876,0.0315037399,0.0129073147,0.01328718,0.00679949461
0.0137598363,0.0152007825,0.0195659184,0.0508722077,0.0696975849,0.0576207495,0.0333857419,0.0129073147,0.01328718,0.00679949461
0.0137598363,0.0152007825,0.0195659184,0.0508722077,0.0696975849,0.0576207495,0.0315037399,0.0150013683,0.01328718,0.00679949461
0.0137598363,0.0152007825,0.0195659184,0.0508722077,0.0696975849,0.0576207495,0.0315037399,0.0129073147,0.0155380542,0.00679949461
0.0137598363,0.0152007825,0.0195659184,0.0508722077,0.0696975849,0.0576207495,0.0315037399,0.0129073147,0.01328718,0.00871309191
0.0136098771,0.0150984421,0.0194629908,0.0506644151,0.0695205113,0.0575295297,0.0313086446,0.0129095988,0.013350895,0.00681227297
0.015,0.015,0.019452674,0.0522615172,0.0700135258,0.0608904123,0.0332569529,0.012506397,0.0119174872,0.00637865764
0.0175499634,0.015,0.019452674,0.0522615172,0.0700135258,0.0608904123,0.0332569529,0.012506397,0.0119174872,0.00637865764
0.015,0.0170180778,0.019452674,0.0522615172,0.0700135258,0.0608904123,0.0332569529,0.012506397,0.0119174872,0.00637865764
0.015,0.015,0.0217919054,0.0522615172,0.0700135258,0.0608904123,0.0332569529,0.012506397,0.0119174872,0.00637865764
0.015,0.015,0.019452674,0.054533191,0.0700135258,0.0608904123,0.0332569529,0.012506397,0.0119174872,0.00637865764
0.015,0.015,0.019452674,0.0522615172,0.0719834751,0.0608904123,0.0332569529,0.012506397,0.0119174872,0.00637865764
0.015,0.015,0.019452674,0.0522615172,0.0700135258,0.0632797505,0.0332569529,0.012506397,0.0119174872,0.00637865764
0.015,0.015,0.019452674,0.0522615172,0.0700135258,0.0608904123,0.0351389549,0.012506397,0.0119174872,0.00637865764
0.015,0.015,0.019452674,0.0522615172,0.0700135258,0.0608904123,0.0332569529,0.0146004505,0.0119174872,0.00637865764
0.015,0.015,0.019452674,0.0522615172,0.0700135258,0.0608904123,0.0332569529,0.012506397,0.0141683614,0.00637865764
0.015,0.015,0.019452674,0.0522615172,0.0700135258,0.0608904123,0.0332569529,0.012506397,0.0119174872,0.00829225493
0.0137660131,0.01415786,0.0186057025,0.0505516307,0.0685564201,0.0601397813,0.0316515496,0.0125251918,0.0124417866,0.00648380832
0.0163159766,0.01415786,0.0186057025,0.0505516307,0.0685564201,0.0601397813,0.0316515496,0.0125251918,0.0124417866,0.00648380832
0.0137660131,0.0161759378,0.0186057025,0.0505516307,0.0685564201,0.0601397813,0.0316515496,0.0125251918,0.0124417866,0.00648380832
0.0137660131,0.01415786,0.020944934,0.0505516307,0.0685564201,0.0601397813,0.0316515496,0.0125251918,0.0124417866,0.00648380832
0.0137660131,0.01415786,0.0186057025,0.0528233044,0.0685564201,0.0601397813,0.0316515496,0.0125251918,0.0124417866,0.00648380832
0.0137660131,0.01415786,0.0186057025,0.0505516307,0.0705263694,0.0601397813,0.0316515496,0.0125251918,0.0124417866,0.00648380832
0.0137660131,0.01415786,0.0186057025,0.0505516307,0.0685564201,0.0625291195,0.0316515496,0.0125251918,0.0124417866,0.00648380832
0.0137660131,0.01415786,0.0186057025,0.0505516307,0.0685564201,0.0601397813,0.0335335516,0.0125251918,0.0124417866,0.00648380832
0.0137660131,0.01415786,0.0186057025,0.0505516307,0.0685564201,0.0601397813,0.0316515496,0.0146192453,0.0124417866,0.00648380832
0.0137660131,0.01415786,0.0186057025,0.0505516307,0.0685564201,0.0601397813,0.0316515496,0.0125251918,0.0146926608,0.00648380832
0.0137660131,0.01415786,0.0186057025,0.0505516307,0.0685564201,0.0601397813,0.0316515496,0.0125251918,0.0124417866,0.00839740561
0.0137452281,0.0141439026,0.0185899833,0.0505211225,0.0685301101,0.06012905,0.0316252405,0.0125257657,0.0124512144,0.00648903681
